judge_out,count,perc,accuracy
fighter1,7369,0.4912666666666667,0.01
draw,236,0.015733333333333332,0.01
fighter2,7395,0.493,0.01
